{"cameraMode":{"drawMode":0,"name":"Shaded","section":"Shading Mode"},"sceneLighting":false,"audioPlay":false,"sceneViewState":{"showFog":false,"showMaterialUpdate":false,"showSkybox":false,"showFlares":false,"showImageEffects":false,"showParticleSystems":false},"in2DMode":false,"pivot":{"x":0.8898024559020996,"y":0.12348222732543946,"z":38.95429229736328},"rotation":{"x":0.05520930513739586,"y":0.9347559213638306,"z":-0.16718904674053193,"w":0.308611661195755},"size":6.446116924285889,"orthographic":false}