{"cameraMode":{"drawMode":0,"name":"Shaded","section":"Shading Mode"},"sceneLighting":true,"audioPlay":false,"sceneViewState":{"showFog":false,"showMaterialUpdate":false,"showSkybox":false,"showFlares":false,"showImageEffects":false,"showParticleSystems":false},"in2DMode":false,"pivot":{"x":-5.325791358947754,"y":-0.07836723327636719,"z":61.778167724609378},"rotation":{"x":0.17381370067596436,"y":-0.1849287450313568,"z":0.033250074833631518,"w":0.9667060375213623},"size":20.80121612548828,"orthographic":false}