{"cameraMode":{"drawMode":0,"name":"Shaded","section":"Shading Mode"},"sceneLighting":false,"audioPlay":false,"sceneViewState":{"showFog":false,"showMaterialUpdate":false,"showSkybox":false,"showFlares":false,"showImageEffects":false,"showParticleSystems":false},"in2DMode":false,"pivot":{"x":0.017581172287464143,"y":1.8732547760009766,"z":-21.286584854125978},"rotation":{"x":0.30317017436027529,"y":-0.1647176891565323,"z":0.05328993499279022,"w":0.9370802044868469},"size":4.43774938583374,"orthographic":false}