{"cameraMode":{"drawMode":0,"name":"Shaded","section":"Shading Mode"},"sceneLighting":false,"audioPlay":false,"sceneViewState":{"showFog":false,"showMaterialUpdate":false,"showSkybox":false,"showFlares":false,"showImageEffects":false,"showParticleSystems":false},"in2DMode":false,"pivot":{"x":0.12414582818746567,"y":1.763270378112793,"z":-22.293987274169923},"rotation":{"x":0.3964652717113495,"y":-0.14770632982254029,"z":0.06479328870773316,"w":0.9037735462188721},"size":3.2954766750335695,"orthographic":false}