{"cameraMode":{"drawMode":0,"name":"Shaded","section":"Shading Mode"},"sceneLighting":true,"audioPlay":false,"sceneViewState":{"showFog":false,"showMaterialUpdate":false,"showSkybox":false,"showFlares":false,"showImageEffects":false,"showParticleSystems":false},"in2DMode":false,"pivot":{"x":0.17237335443496705,"y":4.827174186706543,"z":4.191592216491699},"rotation":{"x":0.23502229154109956,"y":-0.3015747666358948,"z":0.07697200775146485,"w":0.9208117127418518},"size":11.846428871154786,"orthographic":false}