{"cameraMode":{"drawMode":0,"name":"Shaded","section":"Shading Mode"},"sceneLighting":false,"audioPlay":false,"sceneViewState":{"showFog":false,"showMaterialUpdate":false,"showSkybox":false,"showFlares":false,"showImageEffects":false,"showParticleSystems":false},"in2DMode":false,"pivot":{"x":-0.1872854232788086,"y":1.3400068283081055,"z":43.843345642089847},"rotation":{"x":0.018046317622065545,"y":-0.4104744493961334,"z":0.008165117353200913,"w":0.911724865436554},"size":2.6709558963775636,"orthographic":false}